-- ============================================================
-- Seed Data — キャンプ場予約システム初期データ
-- ============================================================

-- -----------------------------------------------------------
-- キャンプ場
-- -----------------------------------------------------------
INSERT INTO public.campgrounds (id, name, description, address, capacity)
VALUES (
  '10000000-0000-0000-0000-000000000001',
  '森のキャンプ場 Green Valley',
  '自然豊かなキャンプ場です。',
  '〒000-0000 サンプル県サンプル市1-1',
  50
);

-- -----------------------------------------------------------
-- サイト (6 件)
-- -----------------------------------------------------------
INSERT INTO public.sites (id, campground_id, site_number, site_name, area, sub_area, site_status, capacity, price_per_night, designation_fee, is_published, slope_rating, distance_to_facilities, feature_note, features, is_active, created_at, updated_at)
VALUES
  ('20000000-0000-0000-0000-000000000001', '10000000-0000-0000-0000-000000000001', 'A-01', '川沿いオートサイト A-01', 'Aエリア', '川沿いサイト', 'active',  4,  5000,  500, true,  3, 50, '川の近くで景色が良く、初めての方にも使いやすいサイトです。',  '{"water":true,"electricity":true,"sewer":false}', true,  '2026-01-01T00:00:00Z', '2026-01-01T00:00:00Z'),
  ('20000000-0000-0000-0000-000000000002', '10000000-0000-0000-0000-000000000001', 'A-02', '林間オートサイト A-02',   'Aエリア', '川沿いサイト', 'active',  5,  6200,  800, true,  2, 35, '木陰があり、夏場でも過ごしやすい区画です。',              '{"water":true,"electricity":true,"sewer":false}', true,  '2026-01-01T00:00:00Z', '2026-01-01T00:00:00Z'),
  ('20000000-0000-0000-0000-000000000003', '10000000-0000-0000-0000-000000000001', 'B-01', '親子向けファミリーサイト B-01','Bエリア','ファミリーサイト','maintenance',5,5600,500,false, 4, 80, '現在はメンテナンス中のため非公開です。',                  '{"water":false,"electricity":true,"sewer":false}', true, '2026-01-01T00:00:00Z', '2026-03-20T00:00:00Z'),
  ('20000000-0000-0000-0000-000000000004', '10000000-0000-0000-0000-000000000001', 'B-02', '広場ファミリーサイト B-02', 'Bエリア', 'ファミリーサイト', 'active', 6, 6100, 700, true, 2, 65, '広場に近く、小さなお子さま連れでも動きやすい区画です。',    '{"water":true,"electricity":true,"sewer":false}', true,  '2026-01-01T00:00:00Z', '2026-01-01T00:00:00Z'),
  ('20000000-0000-0000-0000-000000000005', '10000000-0000-0000-0000-000000000001', 'C-01', '展望コテージ C-01',       'Cエリア', 'コテージ',       'active',  5, 12000, 1500, true, 1, 25, 'ウッドデッキ付きで朝食時間も過ごしやすい区画です。',        '{"water":true,"electricity":true,"sewer":true}',  true,  '2026-01-01T00:00:00Z', '2026-01-01T00:00:00Z'),
  ('20000000-0000-0000-0000-000000000006', '10000000-0000-0000-0000-000000000001', 'C-02', '森のコテージ C-02',       'Cエリア', 'コテージ',       'active',  6, 13200, 1800, true, 1, 20, '管理棟に近く、ファミリー利用にも向いています。',            '{"water":true,"electricity":true,"sewer":true}',  true,  '2026-01-01T00:00:00Z', '2026-01-01T00:00:00Z');

-- -----------------------------------------------------------
-- プラン (3 件)
-- -----------------------------------------------------------
INSERT INTO public.plans (id, name, description, is_published, base_price, capacity, sales_start_date, sales_end_date, image_url, created_at, updated_at)
VALUES
  ('30000000-0000-0000-0000-000000000001', 'スタンダードオートプラン', 'オートサイト向けの基本プランです。',       true, 5000, 8, '2026-04-01', '2026-11-30', '/site-map-placeholder.svg', '2026-03-01T00:00:00Z', '2026-03-01T00:00:00Z'),
  ('30000000-0000-0000-0000-000000000002', 'ファミリープラン',         'ファミリーサイト向けの宿泊プランです。',   true, 6100, 6, '2026-04-01', '2026-11-30', '/site-map-placeholder.svg', '2026-03-01T00:00:00Z', '2026-03-01T00:00:00Z'),
  ('30000000-0000-0000-0000-000000000003', 'コテージプラン',           'コテージ宿泊向けのプランです。',           true, 12000, 4, '2026-04-01', '2026-11-30', '/site-map-placeholder.svg', '2026-03-15T00:00:00Z', '2026-03-15T00:00:00Z');

-- plan ↔ site 紐付け
INSERT INTO public.plan_sites (plan_id, site_id)
VALUES
  ('30000000-0000-0000-0000-000000000001', '20000000-0000-0000-0000-000000000001'),
  ('30000000-0000-0000-0000-000000000001', '20000000-0000-0000-0000-000000000002'),
  ('30000000-0000-0000-0000-000000000002', '20000000-0000-0000-0000-000000000003'),
  ('30000000-0000-0000-0000-000000000002', '20000000-0000-0000-0000-000000000004'),
  ('30000000-0000-0000-0000-000000000003', '20000000-0000-0000-0000-000000000005'),
  ('30000000-0000-0000-0000-000000000003', '20000000-0000-0000-0000-000000000006');

-- -----------------------------------------------------------
-- イベント (3 件)
-- -----------------------------------------------------------
INSERT INTO public.events (id, title, description, start_at, end_at, location, image_url, is_published)
VALUES
  ('40000000-0000-0000-0000-000000000001', '焚き火サイト',       'スタッフが火起こしのコツを案内する夕方向けのイベントです。',               '2026-04-15T18:00:00+09:00', '2026-04-15T20:00:00+09:00', '中央共有スペース',  '/site-map-placeholder.svg', true),
  ('40000000-0000-0000-0000-000000000002', '星空観察会',         '家族で参加しやすい夜の観察イベントです。天候により内容は調整します。',     '2026-04-20T19:30:00+09:00', '2026-04-20T21:00:00+09:00', '芝生エリア',        '/site-map-placeholder.svg', true),
  ('40000000-0000-0000-0000-000000000003', '日帰りキャンプフェス', '日中の来場者向けに、体験ブースをまとめたイベントです。',                   '2026-04-28T10:00:00+09:00', '2026-04-28T16:00:00+09:00', '場内イベント広場',  '/site-map-placeholder.svg', true);

-- -----------------------------------------------------------
-- オプション (10 件)
-- -----------------------------------------------------------
INSERT INTO public.options (id, name, description, price, is_active, category, price_type, unit_label, max_quantity, image_url, event_date, duration, location, capacity, current_participants)
VALUES
  ('50000000-0000-0000-0000-000000000001', 'アーリーチェックイン',       '通常14:00のチェックインを10:00に前倒しできます。ゆったり設営したい方におすすめ。',     2000, true, 'rental', 'fixed',      '回',    1,  '/images/options/early-checkin.jpg', NULL, NULL, NULL, NULL, 0),
  ('50000000-0000-0000-0000-000000000002', 'BBQ機材セット',              'グリル・トング・炭・着火剤がセットになったBBQセット。手ぶらBBQに。',                   3000, true, 'rental', 'per_day',    'セット', 3, '/images/options/bbq-set.jpg',       NULL, NULL, NULL, NULL, 0),
  ('50000000-0000-0000-0000-000000000003', 'テントレンタル（4人用）',     '設営済みの4人用ドームテント。初心者の方でも安心してご利用いただけます。',               5000, true, 'rental', 'per_day',    '張',    2,  '/images/options/tent.jpg',          NULL, NULL, NULL, NULL, 0),
  ('50000000-0000-0000-0000-000000000004', '焚き火台レンタル',           '焚き火台・火ばさみ・耐熱シートのセット。薪は別売りです。',                             1500, true, 'rental', 'per_day',    '台',    2,  '/images/options/firepit.jpg',       NULL, NULL, NULL, NULL, 0),
  ('50000000-0000-0000-0000-000000000005', 'LEDランタンレンタル',        '明るさ調節可能なLEDランタン。テント内でも安心して使えます。',                           800,  true, 'rental', 'per_day',    '個',    4,  '/images/options/lantern.jpg',       NULL, NULL, NULL, NULL, 0),
  ('50000000-0000-0000-0000-000000000006', 'キャンプファイヤー参加',     'みんなで囲む大きなキャンプファイヤー。マシュマロ焼きも楽しめます。',                   500,  true, 'event',  'per_person', '名',   10,  NULL, '2026-05-02 19:00', '約1時間',   '中央広場',      30, 18),
  ('50000000-0000-0000-0000-000000000007', 'クラフト体験（木工）',       '地元の木材を使ったオリジナルコースター作り。お子様にも大人気です。',                   1500, true, 'event',  'per_person', '名',    6,  NULL, '2026-05-03 10:00', '約1.5時間', 'クラフト工房',  12,  5),
  ('50000000-0000-0000-0000-000000000008', '朝ヨガ',                     '森の中で深呼吸しながらのモーニングヨガ。初心者歓迎、マット貸出あり。',               1000, true, 'event',  'per_person', '名',    4,  NULL, '2026-05-03 07:00', '約45分',    '芝生広場',      20,  8),
  ('50000000-0000-0000-0000-000000000009', '子ども向け自然体験',         'スタッフと一緒に森を探検。昆虫観察や植物の名前を学べるプログラムです。',               800,  true, 'event',  'per_person', '名',    4,  NULL, '2026-05-02 15:00', '約1時間',   '森のエリア集合', 15, 10),
  ('50000000-0000-0000-0000-000000000010', '季節の星空観察会',           '天体望遠鏡で春の星座を観察。ガイドが星座の解説をしてくれます。',                       600,  true, 'event',  'per_person', '名',    6,  NULL, '2026-05-02 21:00', '約1時間',   '展望デッキ',    25, 12);

-- -----------------------------------------------------------
-- アプリ設定 (JSONB)
-- -----------------------------------------------------------

-- ポリシー設定
INSERT INTO public.app_settings (key, value) VALUES ('policy_settings', '{
  "paymentNotice": "お問い合わせや質問事項は公式ラインにて受け付けております。",
  "eventEntryNotice": "イベントの参加申し込みはオプション選択画面でお選びください。",
  "paymentMethods": [
    {"id": "credit_card", "label": "クレジットカード", "description": "オンラインで事前決済します。", "isEnabled": true},
    {"id": "on_site", "label": "現地払い", "description": "チェックイン時に現地でお支払いください。", "isEnabled": true}
  ],
  "cancellationPolicies": [
    {"period": "7日前まで", "rate": "無料"},
    {"period": "6日前〜2日前", "rate": "ご利用料金の50%"},
    {"period": "前日〜当日", "rate": "ご利用料金の100%"}
  ],
  "termsSections": [
    {"title": "利用規約", "body": ["チェックインは14:00から17:00、チェックアウトは11:00までです。","場内では管理スタッフの案内と場内ルールに従ってご利用ください。","22:00から翌7:00までは静かな時間帯です。"]},
    {"title": "キャンセルポリシー", "body": ["天候や体調不良によるキャンセルも基本的にはポリシーに準じます。","無断キャンセルの場合は次回受付コードの制限を行う場合があります。"]},
    {"title": "SNS・広報同意", "body": ["イベント撮影や場内撮影のため、場面で掲載を行う場合があります。","SNSやWEBサイトへの広報については、チェックアウト時まで同意状況の変更を承ります。"]}
  ]
}');

-- QR画面設定
INSERT INTO public.app_settings (key, value) VALUES ('qr_screen_settings', '{
  "title": "チェックイン用QRコード",
  "description": "当日はこの画面をスタッフへ提示してください。予約情報に紐づいたQRコードを読み取ります。",
  "supportText": "ご不明点は管理棟スタッフまたは公式LINEへお問い合わせください。",
  "externalLinkLabel": "キャンプ場のご案内を見る",
  "externalLinkUrl": "https://example.com/guide",
  "footerNote": "通信状況が不安定な場合は、この画面を事前に開いておくとスムーズです。"
}');

-- サイトマップ設定
INSERT INTO public.app_settings (key, value) VALUES ('site_map_settings', '{
  "description": "各エリアの位置や導線が分かるサイトマップです。気になる区画を確認してからサイトを選択してください。",
  "imageUrls": ["/site-map-placeholder.svg"]
}');

-- カレンダー表示設定
INSERT INTO public.app_settings (key, value) VALUES ('calendar_display_settings', '{
  "publicBaseUrl": "/availability-calendar",
  "thresholds": {"warningRatio": 0.3}
}');

-- 管理者アカウント設定
INSERT INTO public.app_settings (key, value) VALUES ('admin_account', '{
  "userName": "キャンプ場管理者",
  "email": "owner@example.com",
  "password": "0221-owner",
  "allowConcurrentLogin": true,
  "isInitialized": false
}');

-- -----------------------------------------------------------
-- 休業日 (個別)
-- -----------------------------------------------------------
INSERT INTO public.closed_dates (closed_date)
VALUES ('2026-08-13'), ('2026-08-14'), ('2026-08-15'), ('2026-12-31');

-- -----------------------------------------------------------
-- 休業期間
-- -----------------------------------------------------------
INSERT INTO public.closed_date_ranges (id, start_date, end_date, reason)
VALUES ('60000000-0000-0000-0000-000000000001', '2026-09-10', '2026-09-12', '貸切営業');

-- -----------------------------------------------------------
-- サイト個別閉鎖
-- -----------------------------------------------------------
INSERT INTO public.site_closures (id, site_id, start_date, end_date, reason)
VALUES ('70000000-0000-0000-0000-000000000001', '20000000-0000-0000-0000-000000000003', '2026-04-15', '2026-04-17', 'メンテナンス');

-- -----------------------------------------------------------
-- 管理者メンバー
-- -----------------------------------------------------------
INSERT INTO public.admin_members (id, user_name, email, role, invited_at, activated_at)
VALUES ('80000000-0000-0000-0000-000000000001', 'キャンプ場管理者', 'owner@example.com', 'owner', '2026-04-01T09:00:00+09:00', '2026-04-01T09:30:00+09:00');

-- -----------------------------------------------------------
-- ゲスト予約サンプル (5 件)
-- -----------------------------------------------------------
INSERT INTO public.guest_reservations (id, user_name, user_email, check_in_date, check_out_date, nights, guests, site_number, site_name, site_type, campground_name, total_amount, status, payment_method, payment_status, qr_token, special_requests, checked_in_at, adults, children, infants, pets, cars, created_at, updated_at)
VALUES
  ('a1b2c3d4-e5f6-7890-abcd-ef1234567890', '山田 太郎',   'yamada@example.com',    '2026-04-10', '2026-04-12', 2, 4, 'A-12', NULL, 'premium',  '森のキャンプ場 Green Valley', 15000, 'confirmed',  'credit_card',   'paid',     'a1b2c3d4-e5f6-7890-abcd-ef1234567890', '焚き火台をレンタル希望', NULL,                        3, 1, 0, 0, 1, '2026-03-25T10:00:00Z', '2026-03-25T10:00:00Z'),
  ('b2c3d4e5-f6a7-8901-bcde-f12345678901', '佐藤 花子',   'sato@example.com',      '2026-04-07', '2026-04-09', 2, 2, 'B-03', NULL, 'standard', '森のキャンプ場 Green Valley',  8000, 'checked_in', 'credit_card',   'paid',     'b2c3d4e5-f6a7-8901-bcde-f12345678901', NULL,                     '2026-04-07T14:05:00Z',      2, 0, 0, 0, 1, '2026-03-20T14:30:00Z', '2026-03-20T14:30:00Z'),
  ('c3d4e5f6-a7b8-9012-cdef-123456789012', '鈴木 一郎',   'suzuki@example.com',    '2026-04-15', '2026-04-17', 2, 3, 'C-07', NULL, 'deluxe',   '森のキャンプ場 Green Valley', 12000, 'cancelled',  'bank_transfer', 'refunded', 'c3d4e5f6-a7b8-9012-cdef-123456789012', NULL,                     NULL,                        2, 1, 0, 0, 1, '2026-03-28T09:00:00Z', '2026-03-28T09:00:00Z'),
  ('d4e5f6a7-b8c9-0123-defa-234567890123', '田中 美咲',   'tanaka@example.com',    '2026-04-20', '2026-04-22', 2, 5, 'D-01', NULL, 'standard', '森のキャンプ場 Green Valley', 20000, 'pending',    NULL,            'pending',  'd4e5f6a7-b8c9-0123-defa-234567890123', '電源サイト希望',         NULL,                        3, 1, 1, 0, 1, '2026-04-01T16:00:00Z', '2026-04-01T16:00:00Z'),
  ('e5f6a7b8-c9d0-1234-efab-345678901234', '高橋 健太',   'takahashi@example.com', '2026-03-28', '2026-03-30', 2, 2, 'A-05', NULL, 'standard', '森のキャンプ場 Green Valley', 10000, 'completed',  'credit_card',   'paid',     'e5f6a7b8-c9d0-1234-efab-345678901234', NULL,                     '2026-03-28T13:30:00Z',      2, 0, 0, 0, 1, '2026-03-15T11:00:00Z', '2026-03-15T11:00:00Z');
